ID,Name,Email,Password,Role,Kecamatan,Desa
1,Amat,aa@gmail.com,a,admin,Rambipuji,Rambigundam
2,Gita Gunawan,gita.gunawan@gmail.com,default123,user,Rambipuji,Rambigundam
3,Budi Yuliana,budi.yuliana@gmian.com,default123,user,Rambipuji,Rambigundam
4,Eko Nugroho,eko.nugroho@gmian.com,default123,user,Rambipuji,Rambigundam
5,Citra Wulandariiii,citra.wulandari@gmian.com,default123,user,Rambipuji,Rambigundam
6,Ahmad Pratama,ahmad.pratama@gmian.com,default123,user,Rambipuji,Rambigundam
7,Sari Lestari,sari.lestari@gmian.com,default123,user,Rambipuji,Rambigundam
8,Rudi Maulana,rudi.maulana@gmian.com,default123,user,Rambipuji,Rambigundam
9,Nina Wijaya,nina.wijaya@gmian.com,default123,user,Rambipuji,Rambigundam
10,Indah Santoso,indah.santoso@gmian.com,default123,user,Rambipuji,Rambigundam
11,Putri Sari,putri.sari@gmian.com,default123,user,Rambipuji,Rambigundam
12,Gita Lestari,gita.lestari@gmian.com,default123,user,Rambipuji,Rambigundam
13,Budi Setiawan,budi.setiawan@gmian.com,default123,user,Rambipuji,Rambigundam
14,Eko Saputra,eko.saputra@gmian.com,default123,user,Rambipuji,Rambigundam
15,Kiki Nugroho,kiki.nugroho@gmian.com,default123,user,Rambipuji,Rambigundam
16,Fajar Gunawan,fajar.gunawan@gmian.com,default123,user,Rambipuji,Rambigundam
17,Dewi Anjani,dewi.anjani@gmian.com,default123,user,Rambipuji,Rambigundam
18,Ahmad Wijaya,ahmad.wijaya@gmian.com,default123,user,Rambipuji,Rambigundam
19,Sari Pratama,sari.pratama@gmian.com,default123,user,Rambipuji,Rambigundam
20,Made Wulandari,made.wulandari@gmian.com,default123,user,Rambipuji,Rambigundam
21,Tono Lestari,tono.lestari@gmian.com,default123,user,Rambipuji,Rambigundam
22,Joko Nugroho,joko.nugroho@gmian.com,default123,user,Rambipuji,Rambigundam
23,Dewi Saputra,dewi.saputra@gmian.com,default123,user,Rambipuji,Rambigundam
24,Kiki Santoso,kiki.santoso@gmian.com,default123,user,Rambipuji,Rambigundam
25,Fajar Yuliana,fajar.yuliana@gmian.com,default123,user,Rambipuji,Rambigundam
26,Putri Anjani,putri.anjani@gmian.com,default123,user,Rambipuji,Rambigundam
27,Oka Gunawan,oka.gunawan@gmian.com,default123,user,Rambipuji,Rambigundam
28,Ahmad Maulana,ahmad.maulana@gmian.com,default123,user,Rambipuji,Rambigundam
29,Nina Permata,nina.permata@gmian.com,default123,user,Rambipuji,Rambigundam
30,Made Utami,made.utami@gmian.com,default123,user,Rambipuji,Rambigundam
31,Joko Santoso,joko.santoso@gmian.com,default123,user,Rambipuji,Rambigundam
32,Linda Saputra,linda.saputra@gmian.com,default123,user,Rambipuji,Rambigundam
33,Putri Yuliana,putri.yuliana@gmian.com,default123,user,Rambipuji,Rambigundam
34,Citra Wijaya,citra.wijaya@gmian.com,default123,user,Rambipuji,Rambigundam
35,Ahmad Anjani,ahmad.anjani@gmian.com,default123,user,Rambipuji,Rambigundam
36,Indah Maulana,indah.maulana@gmian.com,default123,user,Rambipuji,Rambigundam
37,Rudi Permata,rudi.permata@gmian.com,default123,user,Rambipuji,Rambigundam
38,Eko Gunawan,eko.gunawan@gmian.com,default123,user,Rambipuji,Rambigundam
39,Nina Wulandari,nina.wulandari@gmian.com,default123,user,Rambipuji,Rambigundam
40,Oka Pratama,oka.pratama@gmian.com,default123,user,Rambipuji,Rambigundam
41,Putri Saputra,putri.saputra@gmian.com,default123,user,Rambipuji,Rambigundam
42,Gita Permata,gita.permata@gmian.com,default123,user,Rambipuji,Rambigundam
43,Fajar Nugroho,fajar.nugroho@gmian.com,default123,user,Rambipuji,Rambigundam
44,Budi Sari,budi.sari@gmian.com,default123,user,Rambipuji,Rambigundam
45,Sari Gunawan,sari.gunawan@gmian.com,default123,user,Rambipuji,Rambigundam
46,Made Anjani,made.anjani@gmian.com,default123,user,Rambipuji,Rambigundam
47,Joko Pratama,joko.pratama@gmian.com,default123,user,Rambipuji,Rambigundam
48,Linda Maulana,linda.maulana@gmian.com,default123,user,Rambipuji,Rambigundam
49,Ahmad Yuliana,ahmad.yuliana@gmian.com,default123,user,Rambipuji,Rambigundam
50,Tono Nugroho,tono.nugroho@gmian.com,default123,user,Rambipuji,Rambigundam
51,Indah Setiawan,indah.setiawan@gmian.com,default123,user,Rambipuji,Rambigundam
52,Nina Gunawan,nina.gunawan@gmian.com,default123,user,Rambipuji,Rambigundam
53,Budi Nugroho,budi.nugroho@gmian.com,default123,user,Rambipuji,Rambigundam
54,Citra Permata,citra.permata@gmian.com,default123,user,Rambipuji,Rambigundam
55,Fajar Santoso,fajar.santoso@gmian.com,default123,user,Rambipuji,Rambigundam
56,Sari Yuliana,sari.yuliana@gmian.com,default123,user,Rambipuji,Rambigundam
57,Joko Anjani,joko.anjani@gmian.com,default123,user,Rambipuji,Rambigundam
58,Putri Nugroho,putri.nugroho@gmian.com,default123,user,Rambipuji,Rambigundam
59,Oka Setiawan,oka.setiawan@gmian.com,default123,user,Rambipuji,Rambigundam
60,Linda Gunawan,linda.gunawan@gmian.com,default123,user,Rambipuji,Rambigundam
61,Rudi Utami,rudi.utami@gmian.com,default123,user,Rambipuji,Rambigundam
62,Made Yuliana,made.yuliana@gmian.com,default123,user,Rambipuji,Rambigundam
63,Ahmad Santoso,ahmad.santoso@gmian.com,default123,user,Rambipuji,Rambigundam
64,Fajar Gunawan,fajar.gunawan@gmian.com,default123,user,Rambipuji,Rambigundam
65,Budi Anjani,budi.anjani@gmian.com,default123,user,Rambipuji,Rambigundam
66,Nina Permata,nina.permata@gmian.com,default123,user,Rambipuji,Rambigundam
67,Sari Wulandari,sari.wulandari@gmian.com,default123,user,Rambipuji,Rambigundam
68,Oka Maulana,oka.maulana@gmian.com,default123,user,Rambipuji,Rambigundam
69,Joko Saputra,joko.saputra@gmian.com,default123,user,Rambipuji,Rambigundam
70,Linda Setiawan,linda.setiawan@gmian.com,default123,user,Rambipuji,Rambigundam
71,Tono Anjani,tono.anjani@gmian.com,default123,user,Rambipuji,Rambigundam
72,Indah Gunawan,indah.gunawan@gmian.com,default123,user,Rambipuji,Rambigundam
73,Putri Utami,putri.utami@gmian.com,default123,user,Rambipuji,Rambigundam
74,Fajar Yuliana,fajar.yuliana@gmian.com,default123,user,Rambipuji,Rambigundam
75,Budi Gunawan,budi.gunawan@gmian.com,default123,user,Rambipuji,Rambigundam
76,Sari Maulana,sari.maulana@gmian.com,default123,user,Rambipuji,Rambigundam
77,Nina Permata,nina.permata@gmian.com,default123,user,Rambipuji,Rambigundam
78,Ahmad Saputra,ahmad.saputra@gmian.com,default123,user,Rambipuji,Rambigundam
79,Oka Santoso,oka.santoso@gmian.com,default123,user,Rambipuji,Rambigundam
80,Linda Yuliana,linda.yuliana@gmian.com,default123,user,Rambipuji,Rambigundam
81,Made Gunawan,made.gunawan@gmian.com,default123,user,Rambipuji,Rambigundam
82,Rudi Setiawan,rudi.setiawan@gmian.com,default123,user,Rambipuji,Rambigundam
83,Putri Saputra,putri.saputra@gmian.com,default123,user,Rambipuji,Rambigundam
84,Indah Maulana,indah.maulana@gmian.com,default123,user,Rambipuji,Rambigundam